n,p,shots,total_logical_error_rate,total_err_low,total_err_high,x_logical_error_rate,x_err_low,x_err_high,z_logical_error_rate,z_err_low,z_err_high,mean_objective_value,average_cpu_time_seconds
4,0.001,1000000,0.001023,6.170655416855005e-05,6.462538864423942e-05,0.001023,6.170655416855005e-05,6.462538864423942e-05,0.00054,4.458022384147466e-05,4.751327252300525e-05,0.0,0.0001601803891658783
4,0.0012742749857031334,1000000,0.001294,6.951037495789335e-05,7.242426752616287e-05,0.001294,6.951037495789335e-05,7.242426752616287e-05,0.000658,4.930757692111988e-05,5.2236019429223305e-05,0.0,0.0001671375787258148
4,0.0016237767391887208,1000000,0.001559,7.638015237499524e-05,7.929010138053557e-05,0.001559,7.638015237499524e-05,7.929010138053557e-05,0.000753,5.281159280062732e-05,5.573701944567081e-05,0.0,0.00016426338243484496
4,0.00206913808111479,1000000,0.002029,8.725064759003529e-05,9.015482512879456e-05,0.002026,8.718554311412793e-05,9.008975406607327e-05,0.001006,6.118420597331115e-05,6.410339467177056e-05,0.0,0.0001667222945690155
4,0.0026366508987303583,1000000,0.002625,9.934336107169945e-05,0.00010224146666697274,0.002624,9.932430385171205e-05,0.00010222241887384437,0.001292,6.945596483174657e-05,7.236988992486283e-05,0.0,0.00016056509280204772
4,0.003359818286283781,1000000,0.003352,0.00011234407221846678,0.00011523577045709308,0.003348,0.00011227667374278608,0.00011516840524515093,0.00171,8.003295618794139e-05,8.294091525306419e-05,0.0,0.00015154809761047362
4,0.004281332398719396,1000000,0.004248,0.00012653467602535828,0.00012941929505841127,0.004241,0.00012643003150503238,0.00012931470348692686,0.002082,8.839294188694221e-05,9.129653484596162e-05,0.0,0.00014339977860450745
4,0.00545559478116852,1000000,0.00549,0.00014388965988798314,0.00014676527405408073,0.005484,0.00014381091788297912,0.00014668657404618216,0.00271,0.00010095006379225212,0.00010384737546899033,0.0,0.00016182340574264525
4,0.0069519279617756054,1000000,0.006859,0.00016083517806885026,0.00016370146647841626,0.006841,0.00016062418935261242,0.00016349059762192728,0.003374,0.00011271403996691767,0.00011560555557495493,0.0,0.00010600772833824158
4,0.008858667904100823,1000000,0.008883,0.00018298014871263,0.0001858332735556658,0.008863,0.0001827747970499817,0.00018562804951255223,0.004434,0.00012928391275378575,0.00013216713565820937,0.0,7.03123710155487e-05
4,0.011288378916846888,1000000,0.011197,0.00020531428610484626,0.0002081528656050543,0.011161,0.0002049861295926013,0.00020782493262030619,0.005676,0.0001463093203044009,0.00014918363826827655,0.0,6.873472857475281e-05
4,0.01438449888287663,1000000,0.014184,0.00023085582052286523,0.00023367605949554428,0.014131,0.00023042847352601654,0.00023324903500804121,0.00712,0.00016386332673640723,0.0001667278838449306,0.0,6.911503982543945e-05
4,0.018329807108324356,1000000,0.018288,0.00026172139322742233,0.00026451687189730025,0.018202,0.0002611144064123168,0.0002639104004443296,0.00907,0.0001848888119572404,0.00018774074544109474,0.0,7.02343134880066e-05
4,0.023357214690901212,1000000,0.023131,0.0002937390948578554,0.00029650571234272546,0.023007,0.0002929666235837146,0.00029573397678187355,0.011598,0.0002089333125861719,0.0002117694069724424,0.0,7.181008791923522e-05
4,0.029763514416313176,1000000,0.029571,0.00033115600851025065,0.00033388457381963027,0.029355,0.0003299773634573948,0.00033270720095884485,0.014904,0.00023658067356857083,0.00023939653953291944,0.0,7.227857971191407e-05
4,0.0379269019073225,1000000,0.037573,0.00037186923313600045,0.00037455080234012617,0.037257,0.0003703586352932012,0.0003730420563187245,0.018884,0.0002658871109906119,0.00026867902132921354,0.0,7.149062919616699e-05
4,0.04832930238571752,1000000,0.048168,0.00041886053536053375,0.0004214801448057526,0.047539,0.0004162473230634664,0.00041887060519384817,0.024359,0.0003012719982693132,0.0003040313370971451,0.0,6.991390347480774e-05
4,0.06158482110660261,1000000,0.060326,0.0004658736276889827,0.0004684223434236537,0.059392,0.0004624744414821122,0.00046502859801778734,0.030459,0.00033595267470304044,0.0003386760122680785,0.0,7.26854407787323e-05
4,0.07847599703514611,1000000,0.077071,0.0005220049534202659,0.0005244562281107312,0.075493,0.0005170634435797961,0.0005195238939915553,0.039355,0.00038025707974084777,0.0003829282110166046,0.0,7.220627427101136e-05
4,0.1,1000000,0.097566,0.0005809080064798217,0.0005832401942727078,0.095072,0.0005742122629981555,0.0005765589351246353,0.050163,0.0004270199285393711,0.0004296278930998043,0.0,7.367356085777283e-05
6,0.001,1000000,0.000987,6.0595138127334316e-05,6.351473047344972e-05,0.000987,6.0595138127334316e-05,6.351473047344972e-05,0.000479,4.193209372781512e-05,4.4868067709779344e-05,0.0,7.228887557983399e-05
6,0.0012742749857031334,1000000,0.001312,6.999817887993684e-05,7.291178087632686e-05,0.001312,6.999817887993684e-05,7.291178087632686e-05,0.000666,4.961204214171534e-05,5.254021062247932e-05,0.0,7.289638543128967e-05
6,0.0016237767391887208,1000000,0.001642,7.840893071397385e-05,8.131776692078883e-05,0.001641,7.83847983120544e-05,8.12936476405205e-05,0.000809,5.47737057395209e-05,5.7697561854333675e-05,0.0,7.145570278167724e-05
6,0.00206913808111479,1000000,0.002014,8.692463901331508e-05,8.98289839746688e-05,0.002013,8.690286175165227e-05,8.980721790637731e-05,0.001023,6.170655416855005e-05,6.462538864423942e-05,0.0,7.089007019996643e-05
6,0.0026366508987303583,1000000,0.002623,9.930524297159038e-05,0.00010220336742267251,0.002623,9.930524297159038e-05,0.00010220336742267251,0.001291,6.942874391443815e-05,7.234268528815693e-05,0.0,6.957252597808839e-05
6,0.003359818286283781,1000000,0.003423,0.00011353370477593713,0.00011642481552718697,0.003423,0.00011353370477593713,0.00011642481552718697,0.001681,7.934440077730746e-05,8.225273034248668e-05,0.0,6.795666980743408e-05
6,0.004281332398719396,1000000,0.004283,0.00012705659372552486,0.0001299409484695757,0.004278,0.0001269821666328502,0.00012986655908636766,0.002162,9.008979923703876e-05,9.299252923745125e-05,0.0,6.809944939613342e-05
6,0.00545559478116852,1000000,0.005634,0.00014576651157884035,0.00014864112128851626,0.005624,0.0001456369684261138,0.0001485116476786742,0.002816,0.0001029185327536715,0.00010581487360343924,0.0,6.815083694458008e-05
6,0.0069519279617756054,1000000,0.007006,0.00016254778015540022,0.00016541309196079195,0.006999,0.000162466646035672,0.0001653320042567987,0.003472,0.00011434746399453842,0.00011723817245113234,0.0,6.820560550689697e-05
6,0.008858667904100823,1000000,0.008776,0.00018187873673341202,0.00018473254480702236,0.008758,0.00018169277642496144,0.00018454669954823429,0.004423,0.00012912296812034665,0.00013200627303243308,0.0,6.826670694351196e-05
6,0.011288378916846888,1000000,0.011203,0.00020536892578971316,0.00020820746804216597,0.011168,0.00020504998061800922,0.0002078887401764304,0.005542,0.00014457026655704218,0.00014744551724018163,0.0,6.832006454467773e-05
6,0.01438449888287663,1000000,0.014259,0.00023145913544152415,0.00023427891818111543,0.014207,0.00023104101371334423,0.0002338611127562732,0.007159,0.0001643109095331727,0.00016717520897266674,0.0,6.8678795337677e-05
6,0.018329807108324356,1000000,0.018287,0.00026171434391825815,0.00026450982858002015,0.018203,0.0002611214730952223,0.0002639174611339494,0.009331,0.0001875192830339597,0.00019036955916445705,0.0,6.878754234313965e-05
6,0.023357214690901212,1000000,0.023078,0.000293409198127266,0.0002961761300532065,0.02295,0.0002926107869960677,0.0002953784784329866,0.011736,0.00021016374466556118,0.00021299898575365302,0.0,6.906875777244567e-05
6,0.029763514416313176,1000000,0.029492,0.00033072547810861913,0.00033345450868304746,0.029268,0.00032950129147306037,0.00033223164145120693,0.014876,0.00023636077683888458,0.00023917681258969758,0.0,7.007479166984559e-05
6,0.0379269019073225,1000000,0.037397,0.00037102877094094544,0.00037371137150561673,0.037036,0.0003692978979942668,0.0003719826142887239,0.018919,0.0002661295646273973,0.00026892126558727275,0.0,7.017666602134704e-05
6,0.04832930238571752,1000000,0.047834,0.000417475397989156,0.000420096957562191,0.047241,0.0004150022655549923,0.00041762728789341425,0.024347,0.00030119938762048284,0.00030395879751374255,0.0,7.00917706489563e-05
6,0.06158482110660261,1000000,0.060996,0.0004682924669152169,0.0004708372801734764,0.060085,0.00046499959535999114,0.00046754971491303615,0.030825,0.0003379073334306218,0.00034062851738785385,0.0,7.072385239601135e-05
6,0.07847599703514611,1000000,0.077012,0.0005218213636122015,0.0005242729813552532,0.07537,0.0005166755131607859,0.000519136678838461,0.039339,0.00038018273094664323,0.00038285395590666876,0.0,7.152490568161011e-05
6,0.1,1000000,0.097687,0.0005812298602284466,0.0005835613453346183,0.095227,0.0005746318744535156,0.0005769776463424581,0.050267,0.00042744004393532875,0.00043004740159416355,0.0,7.196070909500122e-05
8,0.001,1000000,0.001072,6.318825387477151e-05,6.610610157143097e-05,0.001072,6.318825387477151e-05,6.610610157143097e-05,0.000542,4.4664439769167945e-05,4.759739993117761e-05,0.0,7.03080530166626e-05
8,0.0012742749857031334,1000000,0.001337,7.06701446406637e-05,7.358334931001462e-05,0.001336,7.064338773327475e-05,7.355660815993453e-05,0.000657,4.9269388644198535e-05,5.219786569638613e-05,0.0,7.138266277313233e-05
8,0.0016237767391887208,1000000,0.00162,7.787630024085621e-05,8.0785426682629e-05,0.00162,7.787630024085621e-05,8.0785426682629e-05,0.000828,5.542386144290125e-05,5.8347213581146085e-05,0.0,7.184351134300232e-05
8,0.00206913808111479,1000000,0.00211,8.899051404938959e-05,9.189380239958298e-05,0.002109,8.896924113407922e-05,9.187254031443708e-05,0.001077,6.333751972845505e-05,6.625526943269868e-05,0.0,7.160469436645508e-05
8,0.0026366508987303583,1000000,0.002615,9.915262391517292e-05,0.00010205082387263658,0.002614,9.913352999972461e-05,0.00010203173940487396,0.001338,7.069689150316781e-05,7.36100804263457e-05,0.0,7.500465631484985e-05
8,0.003359818286283781,1000000,0.003204,0.0001098226576441764,0.00011271559909158428,0.003201,0.00010977094641899648,0.00011266391334126356,0.001593,7.721762543755816e-05,8.012711265109672e-05,0.0,7.491673803329467e-05
8,0.004281332398719396,1000000,0.00417,0.0001253636552589702,0.0001282488660461602,0.004164,0.00012527311920093164,0.0001281583756696722,0.002096,8.869223002470027e-05,9.15956703238319e-05,0.0,7.389039778709412e-05
8,0.00545559478116852,1000000,0.005412,0.0001428625770256084,0.0001457387380875315,0.00541,0.0001428361429894982,0.0001457123181013249,0.002609,9.903800516394617e-05,0.00010193626183887519,0.0,0.00011660833930969238
8,0.0069519279617756054,1000000,0.006821,0.00016038942490571428,0.00016325596642448228,0.006817,0.00016034242988292782,0.00016320899806074665,0.003396,0.00011308279137324214,0.00011597412488601909,0.0,0.0001577136743068695
8,0.008858667904100823,1000000,0.008712,0.00018121665138167743,0.00018407086867185465,0.008693,0.00018101961459747982,0.00018387395345546148,0.004377,0.00012844771969842093,0.00013133136829441075,0.0,0.0001616043050289154
8,0.011288378916846888,1000000,0.011313,0.00020636798420950453,0.00020920584394032785,0.011279,0.00020605972290976306,0.00020889779353128017,0.005683,0.00014639958960918457,0.0001492738590008853,0.0,0.00016049769973754883
8,0.01438449888287663,1000000,0.014329,0.00023202073680510422,0.00023484009388133505,0.014278,0.0002316117121265726,0.00023443137931428853,0.007129,0.0001639667259969663,0.00016683122362038706,0.0,0.000160247971534729
8,0.018329807108324356,1000000,0.018287,0.00026171434391825815,0.00026450982858002015,0.0182,0.0002611002724311681,0.0002638962784497906,0.00928,0.00018700828512248358,0.000189858884622,0.0,0.00016120497512817382
8,0.023357214690901212,1000000,0.023323,0.00029493080934815327,0.00029769628793977626,0.023185,0.00029407479929609986,0.00029684109643334997,0.011658,0.0002094692094359498,0.00021230493270561583,0.0,0.0001624391555786133
8,0.029763514416313176,1000000,0.029619,0.00033141728921760524,0.0003341455718493362,0.029405,0.0003302506189023918,0.00033298016189387686,0.014908,0.00023661206974491186,0.0002394279114560048,0.0,0.00016554210662841798
8,0.0379269019073225,1000000,0.037833,0.0003731067904864799,0.00037578683624475,0.037429,0.00037118174709816626,0.00037386416013757834,0.01927,0.0002685480078870872,0.00027133761008155816,0.0,0.00017397732448577881
8,0.04832930238571752,1000000,0.047927,0.0004178616424860976,0.0004204826590429797,0.047301,0.0004152533133426825,0.00041787798529384357,0.024507,0.0003021659503942946,0.0003049244128361453,0.0,0.00017172687673568725
8,0.06158482110660261,1000000,0.060935,0.0004680729119609303,0.00047061808050603837,0.059974,0.00046459632022041036,0.00046714708636198116,0.030715,0.0003373212138499705,0.0003400430450031036,0.0,0.0001691117413043976
8,0.07847599703514611,1000000,0.077208,0.0005224309085590656,0.000524881386681525,0.075705,0.0005177311284803449,0.0005201903460854695,0.039329,0.0003801362542801834,0.0003828075377924414,0.0,0.00017119834661483764
8,0.1,1000000,0.097458,0.0005806205001521875,0.0005829533151378852,0.094977,0.0005739548512719433,0.0005763020751565623,0.049981,0.00042628349952970185,0.00042889252620200574,0.0,0.0001765775785446167
12,0.001,1000000,2.8e-05,9.394125252934735e-06,1.2467543670672078e-05,2.8e-05,9.394125252934735e-06,1.2467543670672078e-05,1e-05,5.204601222454399e-06,8.390278891238531e-06,0.0,0.00015826278471946716
12,0.0012742749857031334,1000000,3e-05,9.75903733144591e-06,1.2826590726686702e-05,3e-05,9.75903733144591e-06,1.2826590726686702e-05,9e-06,4.884618909248063e-06,8.084734387823754e-06,0.0,0.00016328009176254274
12,0.0016237767391887208,1000000,3.6e-05,1.0785919208698747e-05,1.3838829621356685e-05,3.6e-05,1.0785919208698747e-05,1.3838829621356685e-05,5e-06,3.376511680758831e-06,6.668293175208816e-06,1.1368683772161602e-19,0.0001610446858406067
12,0.00206913808111479,1000000,6.3e-05,1.4588741267912229e-05,1.7603657785858972e-05,6.3e-05,1.4588741267912229e-05,1.7603657785858972e-05,1.1e-05,5.508827253328286e-06,8.681953073224105e-06,5.684341886080801e-20,0.0001608261625766754
12,0.0026366508987303583,1000000,9.5e-05,1.8138668246722844e-05,2.1131346513893206e-05,9.5e-05,1.8138668246722844e-05,2.1131346513893206e-05,2.3e-05,8.419918870794096e-06,1.1511094259847725e-05,4.547473508864641e-19,0.00015762585163116454
12,0.003359818286283781,1000000,0.00018,2.5334217317615602e-05,2.829967904429716e-05,0.00018,2.5334217317615602e-05,2.829967904429716e-05,3.8e-05,1.1108802432963401e-05,1.4157599692208164e-05,2.2737367544323205e-19,0.00015965000104904174
12,0.004281332398719396,1000000,0.000313,3.371408458713494e-05,3.666147673079764e-05,0.00031,3.354753358731955e-05,3.6495205976095116e-05,8.2e-05,1.6782451859397057e-05,1.9782614298463505e-05,3.410605131648481e-19,0.0001583215413093567
12,0.00545559478116852,1000000,0.000443,4.028939060720505e-05,4.322733306021863e-05,0.000442,4.02428231748414e-05,4.318082333860864e-05,0.000105,1.9119624567602814e-05,2.210749672429841e-05,8.526512829121202e-19,0.00015595063877105712
12,0.0069519279617756054,1000000,0.000696,5.073777500934904e-05,5.36649509812082e-05,0.000695,5.0700646928426504e-05,5.362785513080687e-05,0.000161,2.3907320007327643e-05,2.6876981498872118e-05,1.2505552149377763e-18,0.00015334855508804322
12,0.008858667904100823,1000000,0.00122,6.746824248363018e-05,7.038337229750059e-05,0.001214,6.729997302140764e-05,7.021520636171503e-05,0.000285,3.212697128607641e-05,3.5077136919541355e-05,2.2168933355715125e-18,0.0001536762797832489
12,0.011288378916846888,1000000,0.001943,8.536469260008762e-05,8.826984255334088e-05,0.001931,8.509822419613478e-05,8.800351233325147e-05,0.000487,4.228864912090717e-05,4.522421227011887e-05,2.842170943040401e-18,0.0001562545862197876
12,0.01438449888287663,1000000,0.003112,0.00010822556414239555,0.00011111929210092224,0.00309,0.00010784013332946997,0.00011073405103270836,0.000836,5.569537163627918e-05,5.861851558847412e-05,5.627498467219993e-18,0.0001644511089324951
12,0.018329807108324356,1000000,0.005019,0.00013756932984611628,0.0001404482795446388,0.004969,0.000136881008679101,0.00013976031747237397,0.001273,6.893694521456625e-05,7.185118173921802e-05,7.503331289626659e-18,0.00017294291067123413
12,0.023357214690901212,1000000,0.007759,0.0001710458367464203,0.00017390620253708924,0.007636,0.00016968749181848694,0.00017254865960470746,0.002001,8.664110894321636e-05,8.954559973280412e-05,1.4722445484949276e-17,0.00018543402218818665
12,0.029763514416313176,1000000,0.012722,0.00021874507969983463,0.0002215742498644195,0.012488,0.00021674069003014412,0.00021957129710439838,0.003248,0.00011057829936162366,0.00011347086846495323,2.228262019343674e-17,0.0001951320116519928
12,0.0379269019073225,1000000,0.020288,0.0002754329065323101,0.00027821643143796995,0.019811,0.00027223028453097,0.0002750166553119465,0.005342,0.00014193441292877518,0.00014481106655518487,3.282707439211663e-17,0.00021680463528633118
12,0.04832930238571752,1000000,0.03188,0.0003434712851422203,0.00034618626457880164,0.030906,0.0003383381961964242,0.00034105890361713076,0.008607,0.00018012498764382462,0.00018297987722952318,4.831690603168681e-17,0.00024597672581672667
12,0.06158482110660261,1000000,0.050012,0.00042640904585541234,0.00042901789161528536,0.048133,0.0004187156483564172,0.00042133546214851575,0.013767,0.00022747062125066247,0.00023029340010405006,7.071321306284518e-17,0.000277944100856781
12,0.07847599703514611,1000000,0.077416,0.0005230766900968797,0.0005255259588419631,0.073591,0.0005110191927062691,0.000513490704433045,0.021979,0.0002864747921692279,0.0002892482503207526,1.0999201549566351e-16,0.00032457235503196717
12,0.1,1000000,0.116791,0.0006288732757852716,0.0006310938582740344,0.109384,0.0006111128252216241,0.0006133763981439888,0.034617,0.00035744817199479667,0.00036014707540951013,1.5143086784519256e-16,0.00037797332954406736
14,0.001,1000000,1.6e-05,6.854590774836114e-06,9.982867903304058e-06,1.6e-05,6.854590774836114e-06,9.982867903304058e-06,6e-06,3.7981026659350227e-06,7.059427926055735e-06,-4.212097337585874e-17,0.00013726614189147948
14,0.0012742749857031334,1000000,1.9e-05,7.560721310313913e-06,1.0670695264651388e-05,1.9e-05,7.560721310313913e-06,1.0670695264651388e-05,4e-06,2.9101335854771646e-06,6.2415567135496995e-06,-5.2722270993399436e-17,0.0001193379967212677
14,0.0016237767391887208,1000000,2.8e-05,9.394125252934735e-06,1.2467543670672078e-05,2.8e-05,9.394125252934735e-06,1.2467543670672078e-05,4e-06,2.9101335854771646e-06,6.2415567135496995e-06,-6.866684998385609e-17,9.743618273735046e-05
14,0.00206913808111479,1000000,4.2e-05,1.172993186570238e-05,1.4771379465557275e-05,4.2e-05,1.172993186570238e-05,1.4771379465557275e-05,4e-06,2.9101335854771646e-06,6.2415567135496995e-06,-8.71978045324795e-17,8.363307332992554e-05
14,0.0026366508987303583,1000000,7.8e-05,1.634376375274314e-05,1.9346588322080344e-05,7.7e-05,1.6232341306627962e-05,1.9235862845483567e-05,2.1e-05,8.000623513561628e-06,1.1100552563850167e-05,-1.113278358388925e-16,7.090023279190064e-05
14,0.003359818286283781,1000000,0.000151,2.3122349722071004e-05,2.609452230811291e-05,0.000151,2.3122349722071004e-05,2.609452230811291e-05,3.4e-05,1.0453900312070118e-05,1.3511271115428915e-05,-1.3983481039758771e-16,7.160971784591675e-05
14,0.004281332398719396,1000000,0.000235,2.9084716255167205e-05,3.204093878847282e-05,0.000235,2.9084716255167205e-05,3.204093878847282e-05,4.3e-05,1.1880517485782098e-05,1.4920285698752138e-05,-1.7621459846850484e-16,7.401157784461975e-05
14,0.00545559478116852,1000000,0.000389,3.769439295683971e-05,4.0635730325638635e-05,0.000387,3.7594921490055654e-05,4.053639676641262e-05,8.7e-05,1.731599795117815e-05,2.031308856728039e-05,-2.2140511646284722e-16,7.34577193260193e-05
14,0.0069519279617756054,1000000,0.000593,4.676164110943581e-05,4.969247687815529e-05,0.000592,4.6721408282807196e-05,4.9652283429301586e-05,0.000151,2.3122349722071004e-05,2.609452230811291e-05,-2.7543478609004523e-16,7.542079949378967e-05
14,0.008858667904100823,1000000,0.001005,6.115334224575256e-05,6.407255198179955e-05,0.001001,6.1029733040462737e-05,6.394902715421572e-05,0.000238,2.9275896662063196e-05,3.223170563656887e-05,-3.510081114654895e-16,7.561609601974488e-05
14,0.011288378916846888,1000000,0.001729,8.04809008418284e-05,8.338861992731109e-05,0.001715,8.015107785605568e-05,8.305897356016305e-05,0.000401,3.828591823131584e-05,4.122644799345749e-05,-4.3746695155277847e-16,7.715435266494751e-05
14,0.01438449888287663,1000000,0.002666,0.00010012158122440313,0.00010301930207670196,0.002644,9.970475559044258e-05,0.00010260268246588223,0.000623,4.7953201324451135e-05,5.0882893494674005e-05,-5.417746251623612e-16,8.119306492805481e-05
14,0.018329807108324356,1000000,0.004662,0.00013257540907030824,0.00013545694682873775,0.004608,0.0001318033536489337,0.0001346852880796329,0.001107,6.422590622883633e-05,6.714307781016194e-05,-6.680238584522158e-16,8.506532168388367e-05
14,0.023357214690901212,1000000,0.007446,0.00016756704753853255,0.00017042945849922442,0.007342,0.00016639465847727644,0.00016925775223768612,0.001711,8.005659439369746e-05,8.296454077460244e-05,-8.282654562208336e-16,9.250542283058166e-05
14,0.029763514416313176,1000000,0.012226,0.00021447318168814518,0.00021730540036367027,0.011982,0.00021233867731754695,0.00021517239962357687,0.003,0.00010624876377800284,0.00010914346478195286,-9.93622961686924e-16,0.0001009075665473938
14,0.0379269019073225,1000000,0.020166,0.00027461762943519624,0.0002774018819362775,0.019699,0.0002714723865382823,0.000274259425968721,0.004874,0.00013556344625735486,0.00013844344025290556,-1.2027214779664064e-15,0.0001121773931980133
14,0.04832930238571752,1000000,0.033511,0.00035187666084954966,0.0003545820571408606,0.032474,0.0003465593953950116,0.00034927088351601604,0.008174,0.00017554934937499822,0.00017840702425168248,-1.42458134178014e-15,0.00012909552097320557
14,0.06158482110660261,1000000,0.053647,0.0004408254054511507,0.0004434130462132105,0.051426,0.0004320878626133326,0.0004346884577734744,0.013572,0.0002258692765735714,0.00022869324509449188,-1.6800640878500416e-15,0.00015428468775749207
14,0.07847599703514611,1000000,0.085473,0.000547274006368545,0.0005496764433058771,0.080779,0.0005333665200292215,0.0005357962379348713,0.021989,0.00028653871589194926,0.00028931211460607453,-1.9481660729070425e-15,0.0001872795042991638
14,0.1,1000000,0.131829,0.0006624981990150935,0.0006646315270630865,0.122425,0.0006418350243626442,0.0006440229130996733,0.036368,0.00036606995884282817,0.0003687585910952182,-2.2659776277578205e-15,0.0002262870168685913
16,0.001,1000000,1.3e-05,6.078029933904998e-06,9.230293320487317e-06,1.3e-05,6.078029933904998e-06,9.230293320487317e-06,4e-06,2.9101335854771646e-06,6.2415567135496995e-06,0.0002000000000000279,6.892583107948303e-05
16,0.0012742749857031334,1000000,1.4e-05,6.346049264365697e-06,9.489509668023072e-06,1.4e-05,6.346049264365697e-06,9.489509668023072e-06,2e-06,1.7577906296839966e-06,5.224668794452281e-06,0.00010000000000003363,6.868198561668396e-05
16,0.0016237767391887208,1000000,3e-05,9.75903733144591e-06,1.2826590726686702e-05,3e-05,9.75903733144591e-06,1.2826590726686702e-05,6e-06,3.7981026659350227e-06,7.059427926055735e-06,0.00030000000000004307,6.905042958259583e-05
16,0.00206913808111479,1000000,4.7e-05,1.2465969844410473e-05,1.5499551961285585e-05,4.7e-05,1.2465969844410473e-05,1.5499551961285585e-05,1.2e-05,5.7994100116101194e-06,8.961491123683135e-06,0.0004000000000000568,6.940241312980651e-05
16,0.0026366508987303583,1000000,7.1e-05,1.5548007569909524e-05,1.85560081520936e-05,7.1e-05,1.5548007569909524e-05,1.85560081520936e-05,1.6e-05,6.854590774836114e-06,9.982867903304058e-06,0.0004000000000000734,6.996309542655944e-05
16,0.003359818286283781,1000000,0.000104,1.9023697845582804e-05,2.201201997800431e-05,0.000104,1.9023697845582804e-05,2.201201997800431e-05,2.6e-05,9.015868712172382e-06,1.2095793677452158e-05,0.0011000000000000855,7.064776825904846e-05
16,0.004281332398719396,1000000,0.000211,2.7509032221251028e-05,3.0468859044528566e-05,0.00021,2.7441479353488093e-05,3.040146901474235e-05,3.7e-05,1.094845584385803e-05,1.3999269152602122e-05,0.002300000000000071,7.197429490089416e-05
16,0.00545559478116852,1000000,0.000273,3.14229412005747e-05,3.437441572090745e-05,0.000271,3.130410719457086e-05,3.4255807770146687e-05,6.2e-05,1.4464635478639073e-05,1.748050715596912e-05,0.002900000000000101,7.38052248954773e-05
16,0.0069519279617756054,1000000,0.000524,4.390079199515157e-05,4.6834564523085226e-05,0.000522,4.381513643294892e-05,4.674900146512957e-05,0.000118,2.032733711185011e-05,2.33098775959083e-05,0.005550000000000062,7.641901111602783e-05
16,0.008858667904100823,1000000,0.000821,5.518520928019606e-05,5.8108745509099407e-05,0.000817,5.504837849716474e-05,5.7972020744178395e-05,0.000172,2.474308546223617e-05,2.771023353683995e-05,0.007300000000000101,8.064085698127746e-05
16,0.011288378916846888,1000000,0.001424,7.296073090280915e-05,7.587260514179653e-05,0.001419,7.28310245022264e-05,7.574297314207751e-05,0.000314,3.3769423823777405e-05,3.6716723385126165e-05,0.013000000000000032,8.687539458274842e-05
16,0.01438449888287663,1000000,0.00234,9.3755377807279e-05,9.665626217479888e-05,0.002326,9.347227579134402e-05,9.637330192594027e-05,0.000498,4.277415652027952e-05,4.570916911272795e-05,0.02195000000000002,9.579528117179871e-05
16,0.018329807108324356,1000000,0.00399,0.0001226182425332705,0.0001255048343707984,0.003954,0.0001220616879688179,0.0001249485587648657,0.00082,5.515103297193467e-05,5.8074595648765744e-05,0.03935000000000002,0.00011146076774597168
16,0.023357214690901212,1000000,0.006741,0.00015944683643695154,0.0001623139117235906,0.00667,0.00015860549781865612,0.00016147304787786192,0.001468,7.409242686504417e-05,7.700365640334094e-05,0.056950000000000014,0.0001314616482257843
16,0.029763514416313176,1000000,0.011076,0.00020420913751313836,0.00020704846860347854,0.010885,0.00020245186995394675,0.00020529238914711832,0.002429,9.553549566211107e-05,9.843549110217674e-05,0.0913,0.00016178877973556518
16,0.0379269019073225,1000000,0.018354,0.0002621861980592159,0.0002649812813004908,0.017944,0.00025928430146802614,0.0002620818423264004,0.004066,0.0001237849073451808,0.00012667091334286982,0.15035,0.00020885678815841675
16,0.04832930238571752,1000000,0.030794,0.0003377422707302319,0.0003404636370732163,0.029889,0.0003328826917801224,0.0003356093845582296,0.006904,0.0001613614168285999,0.00016422740585508768,0.24475,0.00027596833634376526
16,0.06158482110660261,1000000,0.04983,0.00042567131595045576,0.00042828122385910744,0.048024,0.00041826403642397647,0.0004208844866229258,0.011501,0.00020806390124131734,0.0002109005959875336,0.3851,0.0003704150538444519
16,0.07847599703514611,1000000,0.079908,0.0005307284332001089,0.0005331632142119153,0.07612,0.0005190347133094408,0.0005214915177111784,0.019361,0.0002691711933190434,0.000271960251680612,0.6167,0.0005044425711631775
16,0.1,1000000,0.124144,0.0006457006207782889,0.0006478785352237032,0.116441,0.0006280528620913328,0.0006302754757764872,0.032281,0.00034555946446101354,0.0003482720868112979,0.90935,0.0006829175367355347
18,0.001,1000000,6e-06,3.7981026659350227e-06,7.059427926055735e-06,6e-06,3.7981026659350227e-06,7.059427926055735e-06,3e-06,2.38132744980936e-06,5.767247788067677e-06,-3.598188413889147e-17,6.880363011360169e-05
18,0.0012742749857031334,1000000,8e-06,4.546161699297263e-06,7.763128033929469e-06,8e-06,4.546161699297263e-06,7.763128033929469e-06,1e-06,9.746821923362057e-07,4.5716306551669395e-06,-4.686739885073621e-17,6.88298008441925e-05
18,0.0016237767391887208,1000000,1.9e-05,7.560721310313913e-06,1.0670695264651388e-05,1.9e-05,7.560721310313913e-06,1.0670695264651388e-05,5e-06,3.376511680758831e-06,6.668293175208816e-06,-5.60334001420415e-17,6.914816594123841e-05
18,0.00206913808111479,1000000,2.3e-05,8.419918870794096e-06,1.1511094259847725e-05,2.3e-05,8.419918870794096e-06,1.1511094259847725e-05,6e-06,3.7981026659350227e-06,7.059427926055735e-06,-7.398170964734163e-17,6.938069748878479e-05
18,0.0026366508987303583,1000000,4.9e-05,1.2749317284640641e-05,1.5780087451298442e-05,4.9e-05,1.2749317284640641e-05,1.5780087451298442e-05,1e-05,5.204601222454399e-06,8.390278891238531e-06,-9.144685009232489e-17,6.990348839759827e-05
18,0.003359818286283781,1000000,7.6e-05,1.612019140518644e-05,1.9124423300616254e-05,7.6e-05,1.612019140518644e-05,1.9124423300616254e-05,1.7e-05,7.096843341142576e-06,1.021850774684384e-05,-1.147526518252562e-16,7.048490595817566e-05
18,0.004281332398719396,1000000,0.00013,2.1384234183535557e-05,2.4362562940222752e-05,0.000129,2.1298078115900994e-05,2.4276735868718874e-05,2.8e-05,9.394125252934735e-06,1.2467543670672078e-05,4.999999999985763e-05,7.13258445262909e-05
18,0.00545559478116852,1000000,0.000215,2.7777653902088986e-05,3.073684027911445e-05,0.000214,2.771073471269684e-05,3.067007959077522e-05,5.1e-05,1.3026921805197488e-05,1.6055043064734438e-05,0.0004999999999998148,7.280287623405456e-05
18,0.0069519279617756054,1000000,0.000352,3.581055949584093e-05,3.8754618482056804e-05,0.000352,3.581055949584093e-05,3.8754618482056804e-05,7e-05,1.543117212907777e-05,1.8439973364341064e-05,0.00018999999999976845,7.465180134773254e-05
18,0.008858667904100823,1000000,0.000588,4.656013548583063e-05,4.9491168994909244e-05,0.000583,4.63577695821348e-05,4.928900298750336e-05,0.000138,2.2061867275506813e-05,2.5037690516622232e-05,0.0007999999999997238,7.754536318778992e-05
18,0.011288378916846888,1000000,0.00102,6.161469322696247e-05,6.453358974939176e-05,0.001014,6.143056390248126e-05,6.434958510998434e-05,0.000238,2.9275896662063196e-05,3.223170563656887e-05,0.0012799999999996785,8.100773453712464e-05
18,0.01438449888287663,1000000,0.001742,8.078596527475563e-05,8.36935213866317e-05,0.00173,8.05044081767989e-05,8.341211469091144e-05,0.000389,3.769439295683971e-05,4.0635730325638635e-05,0.00366999999999976,8.729466414451599e-05
18,0.018329807108324356,1000000,0.003004,0.00010631999867548271,0.0001092146646175132,0.00297,0.00010571296759044136,0.00010860793232047835,0.000636,4.846059985233041e-05,5.138981783297245e-05,0.007226315789473514,9.596974515914918e-05
18,0.023357214690901212,1000000,0.005333,0.00014181463031727546,0.00014469134739715332,0.005258,0.00014081242181595947,0.00014368966879843743,0.001154,6.559376826075565e-05,6.851006598599936e-05,0.013121315789473566,0.00010973285222053528
18,0.029763514416313176,1000000,0.009047,0.0001846551537818871,0.00018750723361606395,0.008896,0.00018311350001043274,0.000185966541921807,0.00193,8.507598095423212e-05,8.798128063545736e-05,0.029806578947368347,0.00012999836921691896
18,0.0379269019073225,1000000,0.01549,0.00024113413798622536,0.00024394645531595344,0.015177,0.00023871344049020658,0.0002415276521417955,0.003165,0.00010914849321915073,0.00011204176673292043,0.05175605263157889,0.00016005087375640868
18,0.04832930238571752,1000000,0.02719,0.00031789218101582403,0.0003206347836370964,0.026423,0.0003134856784369304,0.0003162328099728627,0.00582,0.000148155037288167,0.0001510283589682632,0.09927578947368418,0.000204591237783432
18,0.06158482110660261,1000000,0.045462,0.0004074732732409561,0.0004101086872081716,0.043704,0.0003998645979188739,0.0004025102861362484,0.009944,0.0001935522874577985,0.00019639869377452435,0.1918673684210526,0.000267780154466629
18,0.07847599703514611,1000000,0.07603,0.0005187523935884925,0.0005212097213305456,0.072316,0.0005069119076873962,0.0005093908353740045,0.017552,0.00025647689026011763,0.0002592767835330745,0.31483657894736855,0.00036014337515830996
18,0.1,1000000,0.121501,0.0006397402386692508,0.0006419334889889716,0.113806,0.0006218174199758009,0.0006240553263160697,0.03011,0.0003340767621444578,0.0003368021538600538,0.5519281578947366,0.0004838319528102875
20,0.001,1000000,2e-06,1.7577906296839966e-06,5.224668794452281e-06,2e-06,1.7577906296839966e-06,5.224668794452281e-06,0.0,0.0,3.6888726502064885e-06,2.8052227207808756e-17,6.971602296829223e-05
20,0.0012742749857031334,1000000,3e-06,2.38132744980936e-06,5.767247788067677e-06,3e-06,2.38132744980936e-06,5.767247788067677e-06,0.0,0.0,3.6888726502064885e-06,3.6152414395473895e-17,6.97036156654358e-05
20,0.0016237767391887208,1000000,9e-06,4.884618909248063e-06,8.084734387823754e-06,9e-06,4.884618909248063e-06,8.084734387823754e-06,0.0,0.0,3.6888726502064885e-06,4.858691227127565e-17,7.03984637260437e-05
20,0.00206913808111479,1000000,1.2e-05,5.7994100116101194e-06,8.961491123683135e-06,1.2e-05,5.7994100116101194e-06,8.961491123683135e-06,2e-06,1.7577906296839966e-06,5.224668794452281e-06,5.699973826267523e-17,7.065838122367859e-05
20,0.0026366508987303583,1000000,2.9e-05,9.578161559299788e-06,1.2648574033160007e-05,2.9e-05,9.578161559299788e-06,1.2648574033160007e-05,7e-06,4.1856324656977795e-06,7.422621834331028e-06,8.15703060652595e-17,7.193799233436584e-05
20,0.003359818286283781,1000000,4.7e-05,1.2465969844410473e-05,1.5499551961285585e-05,4.6e-05,1.2322027934435982e-05,1.5357082556851494e-05,8e-06,4.546161699297263e-06,7.763128033929469e-06,0.00010000000000008608,7.275335216522217e-05
20,0.004281332398719396,1000000,6.9e-05,1.5313497206117384e-05,1.8323116028576985e-05,6.9e-05,1.5313497206117384e-05,1.8323116028576985e-05,1.3e-05,6.078029933904998e-06,9.230293320487317e-06,0.0005000000000001204,7.460268521308899e-05
20,0.00545559478116852,1000000,0.000116,2.0146037818438248e-05,2.312934132981954e-05,0.000116,2.0146037818438248e-05,2.312934132981954e-05,1.8e-05,7.332025444354138e-06,1.0447611659643023e-05,0.00030000000000014347,7.741588854789735e-05
20,0.0069519279617756054,1000000,0.000228,2.863381990057904e-05,3.159103738714788e-05,0.000227,2.8568843387839196e-05,3.1526206574151484e-05,4.8e-05,1.2608383750995118e-05,1.5640538473129373e-05,0.0009500000000001834,8.145193886756897e-05
20,0.008858667904100823,1000000,0.000423,3.93478011374447e-05,4.228693232234058e-05,0.000418,3.9108939895874826e-05,4.204838015586755e-05,8.8e-05,1.7420847212179744e-05,2.041735435735656e-05,0.005370000000000116,8.81713376045227e-05
20,0.011288378916846888,1000000,0.000729,5.19483446884372e-05,5.487448767222585e-05,0.000722,5.1693889900706735e-05,5.462024719109519e-05,0.00013,2.1384234183535557e-05,2.4362562940222752e-05,0.008156666666666758,9.796835565567016e-05
20,0.01438449888287663,1000000,0.001233,6.783140737294502e-05,7.074631459878409e-05,0.001219,6.744022646145245e-05,7.0355373494594e-05,0.00024,2.9402680658669443e-05,3.235821803261653e-05,0.017327701149425393,0.00011359163546562195
20,0.018329807108324356,1000000,0.002326,9.347227579134402e-05,9.637330192594027e-05,0.002285,9.263821973142829e-05,9.553966422607037e-05,0.000419,3.9156826137616097e-05,4.209620418400671e-05,0.032679137931034545,0.00013794557404518128
20,0.023357214690901212,1000000,0.004153,0.00012510696474050172,0.00012799230501995846,0.004061,0.00012370849400260894,0.00012659453841706685,0.000739,5.2309736741817784e-05,5.523557785003252e-05,0.07226630616509933,0.00017759484195709228
20,0.029763514416313176,1000000,0.007454,0.00016765688356895972,0.00017051924207611702,0.007282,0.00016571441673962975,0.00016857790520141604,0.001391,7.210038903911697e-05,7.501275881796631e-05,0.12288164278250491,0.00023909375739097595
20,0.0379269019073225,1000000,0.013586,0.00022598464267520324,0.0002288085257410987,0.013176,0.00022258002177864833,0.00022540641031291823,0.002582,9.852056950409834e-05,0.00010141908234975825,0.2570773298253471,0.00033311013579368593
20,0.04832930238571752,1000000,0.024524,0.0003022684476791694,0.00030502680946602537,0.023668,0.0002970590105491333,0.0002998224435146052,0.004626,0.00013206121260209147,0.00013494301464616904,0.4649206422600389,0.00047771230173110964
20,0.06158482110660261,1000000,0.043085,0.0003971438673058547,0.00039979317448662205,0.04124,0.0003888995095544315,0.0003915596079906228,0.008494,0.00017894248861185721,0.0001817981030341198,0.8623534001343484,0.0007055403301715851
20,0.07847599703514611,1000000,0.072493,0.0005074848106058766,0.0005099627087315067,0.068626,0.0004947624941047807,0.0004972628895223291,0.015414,0.00024054873739359772,0.00024336151445888965,1.5368385617256317,0.0010286532521247864
20,0.1,1000000,0.120445,0.0006373315012805081,0.0006395308792812721,0.112512,0.0006187166150505574,0.0006209620317744191,0.027496,0.00031963132902033606,0.00032237212581488414,2.6232168939174385,0.002201413766860962
22,0.001,1000000,0.0,0.0,3.6888726502064885e-06,0.0,0.0,3.6888726502064885e-06,0.0,0.0,3.6888726502064885e-06,1.2500000000026233e-05,0.00015496967935562135
22,0.0012742749857031334,1000000,0.0,0.0,3.6888726502064885e-06,0.0,0.0,3.6888726502064885e-06,0.0,0.0,3.6888726502064885e-06,3.2116531656356526e-17,0.00015550397825241089
22,0.0016237767391887208,1000000,2e-06,1.7577906296839966e-06,5.224668794452281e-06,2e-06,1.7577906296839966e-06,5.224668794452281e-06,0.0,0.0,3.6888726502064885e-06,4.568789790937444e-17,0.0001555597620010376
22,0.00206913808111479,1000000,0.0,0.0,3.6888726502064885e-06,0.0,0.0,3.6888726502064885e-06,0.0,0.0,3.6888726502064885e-06,5.81366066398914e-17,0.00016076597714424133
22,0.0026366508987303583,1000000,6e-06,3.7981026659350227e-06,7.059427926055735e-06,6e-06,3.7981026659350227e-06,7.059427926055735e-06,3e-06,2.38132744980936e-06,5.767247788067677e-06,0.00030000000000007267,0.00016147113919258118
22,0.003359818286283781,1000000,1.2e-05,5.7994100116101194e-06,8.961491123683135e-06,1.2e-05,5.7994100116101194e-06,8.961491123683135e-06,0.0,0.0,3.6888726502064885e-06,0.0012000000000000881,0.00016227194738388062
22,0.004281332398719396,1000000,3.1e-05,9.936909899779272e-06,1.3001739444656344e-05,2.9e-05,9.578161559299788e-06,1.2648574033160007e-05,4e-06,2.9101335854771646e-06,6.2415567135496995e-06,0.0021333333333334163,0.0001656868875026703
22,0.00545559478116852,1000000,7.2e-05,1.5664021235525766e-05,1.8671237516846195e-05,7.1e-05,1.5548007569909524e-05,1.85560081520936e-05,1.1e-05,5.508827253328286e-06,8.681953073224105e-06,0.004366666666666768,0.0001647278525829315
22,0.0069519279617756054,1000000,0.000111,1.968581892909489e-05,2.267111700590426e-05,0.00011,1.9592537396424288e-05,2.2578250189567224e-05,9e-06,4.884618909248063e-06,8.084734387823754e-06,0.00929583333333338,0.00016794016551971436
22,0.008858667904100823,1000000,0.000262,3.076383837373131e-05,3.371658617564447e-05,0.000255,3.0337173188692707e-05,3.3290771383855014e-05,3.1e-05,9.936909899779272e-06,1.3001739444656344e-05,0.018847034632034652,0.0001809999167919159
22,0.011288378916846888,1000000,0.000513,4.342763632477273e-05,4.636192343270679e-05,0.000505,4.3080323114311214e-05,4.6014993625641764e-05,5.3e-05,1.32991189170217e-05,1.632473904672066e-05,0.034176089743589766,0.00019657998585700988
22,0.01438449888287663,1000000,0.001041,6.225490498011198e-05,6.517337122695409e-05,0.001003,6.109156854821338e-05,6.401082042752776e-05,0.000138,2.2061867275506813e-05,2.5037690516622232e-05,0.07254146485867075,0.00021732413721084595
22,0.018329807108324356,1000000,0.002057,8.785596942518289e-05,9.07598367972046e-05,0.001985,8.629087389441944e-05,8.919554511083085e-05,0.000266,3.100508676399759e-05,3.395736294401576e-05,0.1514630437678264,0.0002523881011009216
22,0.023357214690901212,1000000,0.003996,0.0001227107542477921,0.00012559729968449496,0.003852,0.00012047071135265963,0.00012335837784612077,0.000525,4.394355836523486e-05,4.687728481365819e-05,0.2879489929987453,0.00031949346137046816
22,0.029763514416313176,1000000,0.007564,0.00016888716529227417,0.00017174880354580216,0.007257,0.00016543013762431846,0.00016829379071679144,0.001078,6.336733115490357e-05,6.628506131809483e-05,0.5453962826591232,0.00042563527774810793
22,0.0379269019073225,1000000,0.014113,0.0002302831466239226,0.0002331038176571782,0.013464,0.00022497721840924502,0.00022780184638253147,0.002062,8.796362546712204e-05,9.086743776878141e-05,1.0486417599034485,0.000507266683101654
22,0.04832930238571752,1000000,0.026112,0.00031167920397112345,0.00031442817295408015,0.02484,0.0003041667648333371,0.000306923256036689,0.004094,0.00012421194599037191,0.0001270977371735484,1.969490964370809,0.0005849266865253449
22,0.06158482110660261,1000000,0.046422,0.00041155685015230314,0.0004141866558591417,0.04386,0.00040054679038771523,0.0004031915666706659,0.007859,0.00017214208176350148,0.00017500179707407963,3.5911597622034384,0.0012737970280647277
22,0.07847599703514611,1000000,0.081101,0.0005343371285114473,0.0005367649747170661,0.075956,0.0005185201043699378,0.0005209778624156031,0.015125,0.00023830875639777212,0.0002411232830044109,6.3422006761368825,0.0019416784732341767
22,0.1,1000000,0.133259,0.0006655396377322764,0.0006676646701136435,0.12323,0.0006436503396965859,0.0006458335574678065,0.027999,0.00032246740213359715,0.00032520523172501273,10.705419348770414,0.0028618254120349883
24,0.001,1000000,1e-06,9.746821923362057e-07,4.5716306551669395e-06,1e-06,9.746821923362057e-07,4.5716306551669395e-06,0.0,0.0,3.6888726502064885e-06,0.0003000000000000283,0.0001548932843208313
24,0.0012742749857031334,1000000,0.0,0.0,3.6888726502064885e-06,0.0,0.0,3.6888726502064885e-06,0.0,0.0,3.6888726502064885e-06,3.743139131984208e-17,0.0001533657922744751
24,0.0016237767391887208,1000000,2e-06,1.7577906296839966e-06,5.224668794452281e-06,2e-06,1.7577906296839966e-06,5.224668794452281e-06,0.0,0.0,3.6888726502064885e-06,0.0002000000000000446,0.00015884367966651918
24,0.00206913808111479,1000000,1e-06,9.746821923362057e-07,4.5716306551669395e-06,1e-06,9.746821923362057e-07,4.5716306551669395e-06,1e-06,9.746821923362057e-07,4.5716306551669395e-06,0.0004000000000000555,0.00016161579155921937
24,0.0026366508987303583,1000000,3e-06,2.38132744980936e-06,5.767247788067677e-06,2e-06,1.7577906296839966e-06,5.224668794452281e-06,1e-06,9.746821923362057e-07,4.5716306551669395e-06,0.0009000000000000835,0.00016334202218055725
24,0.003359818286283781,1000000,1.3e-05,6.078029933904998e-06,9.230293320487317e-06,1.3e-05,6.078029933904998e-06,9.230293320487317e-06,0.0,0.0,3.6888726502064885e-06,0.0023000000000000663,0.00016502961587905885
24,0.004281332398719396,1000000,1.9e-05,7.560721310313913e-06,1.0670695264651388e-05,1.9e-05,7.560721310313913e-06,1.0670695264651388e-05,3e-06,2.38132744980936e-06,5.767247788067677e-06,0.0027000000000001133,0.00016866670966148375
24,0.00545559478116852,1000000,4.1e-05,1.1577536519284608e-05,1.4620722941867827e-05,3.9e-05,1.1267045139642908e-05,1.4313902286209672e-05,8e-06,4.546161699297263e-06,7.763128033929469e-06,0.00646666666666672,0.00017326203346252443
24,0.0069519279617756054,1000000,0.000108,1.9404691350342093e-05,2.2391250339857483e-05,0.000105,1.9119624567602814e-05,2.210749672429841e-05,1e-05,5.204601222454399e-06,8.390278891238531e-06,0.01568142857142859,0.000180181410074234
24,0.008858667904100823,1000000,0.000207,2.7237848598722918e-05,3.0198333525943515e-05,0.000202,2.6895152238826504e-05,2.985648594212853e-05,1.9e-05,7.560721310313913e-06,1.0670695264651388e-05,0.026883311147717394,0.00019087053632736207
24,0.011288378916846888,1000000,0.000385,3.749519226341842e-05,4.0436806424515466e-05,0.00037,3.6738799559603774e-05,3.968148782275714e-05,3.9e-05,1.1267045139642908e-05,1.4313902286209672e-05,0.05400795025341518,0.00020963962841033935
24,0.01438449888287663,1000000,0.00076,5.3060767083101855e-05,5.59859899463284e-05,0.000731,5.202082091251446e-05,5.494690312278971e-05,0.000104,1.9023697845582804e-05,2.201201997800431e-05,0.11403237008742893,0.00023667243194580077
24,0.018329807108324356,1000000,0.001647,7.85294821046157e-05,8.143825280295378e-05,0.001593,7.721762543755816e-05,8.012711265109672e-05,0.000214,2.771073471269684e-05,3.067007959077522e-05,0.22952586664941813,0.00028323621845245363
24,0.023357214690901212,1000000,0.003195,0.00010966745052578674,0.00011256046843186257,0.003072,0.00010752374967695376,0.00011041782312117866,0.000414,3.891681880008357e-05,4.185650994326627e-05,0.4285690999362109,0.0003584248261451721
24,0.029763514416313176,1000000,0.006449,0.0001559570307687044,0.0001588260652853144,0.006234,0.0001533356934720568,0.00015620618244300676,0.000858,5.6435379738322246e-05,5.935796286083317e-05,0.8411336757748212,0.0004858988590240479
24,0.0379269019073225,1000000,0.012532,0.0002171190631872974,0.0002199493998998655,0.012049,0.00021292701834675631,0.00021576032749846992,0.001732,8.055140236783945e-05,8.345908375676295e-05,1.6188081505042105,0.0006975786826610565
24,0.04832930238571752,1000000,0.023671,0.00029707744331296596,0.00029984085849492706,0.022608,0.0002904657498939561,0.00029323547140100784,0.003554,0.00011569639254018459,0.00011858643325792081,2.964065000928687,0.001040069614648819
24,0.06158482110660261,1000000,0.044298,0.00040245477728738377,0.000405096993380219,0.042073,0.00039264723662368883,0.00039530246204493025,0.00703,0.00016282564051929137,0.00016569079325122645,5.4140341700325445,0.0016048891181945802
24,0.07847599703514611,1000000,0.079185,0.0005285244577607484,0.0005309634417965808,0.074369,0.0005135033891804364,0.000515970376132921,0.013859,0.00022822202327898132,0.00023104424129397408,9.524142296264372,0.0024450035190582277
24,0.1,1000000,0.13409,0.0006672953257840508,0.0006694155375100985,0.124385,0.0006462393245133813,0.0006484158406139806,0.026971,0.00031664095863858516,0.0003193848540148994,15.822623547360406,0.0036474350423812865
